timestamp,operation,latency_ms,success
1765654276,REGISTER_MODEL,0.00,false
1765654276,REGISTER_MODEL,0.00,false
1765654276,REGISTER_MODEL,0.00,false
1765654276,REGISTER_MODEL,0.00,false
1765654276,REGISTER_MODEL,1.00,false
1765654276,STORE_FILE,1.00,false
1765654276,STORE_FILE,0.00,false
1765654276,REGISTER_MODEL,0.00,false
1765654276,REGISTER_MODEL,0.00,false
1765654276,STORE_FILE,0.00,false
1765654276,STORE_FILE,1.00,false
1765654276,STORE_FILE,1.00,false
1765654276,STORE_FILE,0.00,false
1765654276,STORE_FILE,1.00,false
1765654276,STORE_FILE,1.00,false
1765654276,STORE_FILE,1.00,false
1765654276,REGISTER_MODEL,0.00,false
1765654276,REGISTER_MODEL,1.00,false
1765654276,REGISTER_MODEL,1.00,false
1765654276,STORE_FILE,2.00,false
1765654276,REGISTER_MODEL,1.00,false
1765654276,REGISTER_MODEL,3.00,false
1765654276,STORE_FILE,1.00,false
1765654276,STORE_FILE,1.00,false
1765654276,STORE_FILE,2.00,false
1765654276,STORE_FILE,3.00,false
1765654276,STORE_FILE,2.00,false
1765654276,REGISTER_MODEL,3.00,false
1765654276,STORE_FILE,3.00,false
1765654276,STORE_FILE,4.00,false
1765654276,STORE_FILE,1.00,false
1765654276,REGISTER_MODEL,3.00,false
1765654276,STORE_FILE,3.00,false
1765654276,REGISTER_MODEL,3.00,false
1765654276,STORE_FILE,3.00,false
1765654276,STORE_FILE,4.00,false
1765654276,STORE_FILE,3.00,false
1765654276,REGISTER_MODEL,4.00,false
1765654276,REGISTER_MODEL,3.00,false
1765654276,STORE_FILE,2.00,false
1765654276,STORE_FILE,4.00,false
1765654276,REGISTER_MODEL,2.00,false
1765654276,STORE_FILE,3.00,false
1765654276,STORE_FILE,4.00,false
1765654276,STORE_FILE,4.00,false
1765654276,STORE_FILE,6.00,false
1765654276,REGISTER_MODEL,5.00,false
1765654276,STORE_FILE,5.00,false
1765654276,REGISTER_MODEL,5.00,false
1765654276,STORE_FILE,4.00,false
1765654276,STORE_FILE,4.00,false
1765654276,REGISTER_MODEL,5.00,false
1765654276,REGISTER_MODEL,3.00,false
1765654276,STORE_FILE,6.00,false
1765654276,REGISTER_MODEL,2.00,false
1765654276,REGISTER_MODEL,2.00,false
1765654276,STORE_FILE,5.00,false
1765654276,STORE_FILE,2.00,false
1765654276,STORE_FILE,2.00,false
1765654276,REGISTER_MODEL,4.00,false
1765654276,REGISTER_MODEL,2.00,false
1765654276,REGISTER_MODEL,6.00,false
1765654276,STORE_FILE,3.00,false
1765654276,STORE_FILE,6.00,false
1765654276,REGISTER_MODEL,3.00,false
1765654276,STORE_FILE,4.00,false
1765654276,STORE_FILE,6.00,false
1765654276,REGISTER_MODEL,3.00,false
1765654276,STORE_FILE,2.00,false
1765654276,STORE_FILE,3.00,false
1765654276,REGISTER_MODEL,5.00,false
1765654276,REGISTER_MODEL,3.00,false
1765654276,STORE_FILE,3.00,false
1765654276,REGISTER_MODEL,3.00,false
1765654276,REGISTER_MODEL,3.00,false
1765654276,REGISTER_MODEL,8.00,false
1765654276,REGISTER_MODEL,7.00,false
1765654276,REGISTER_MODEL,4.00,false
1765654276,REGISTER_MODEL,2.00,false
1765654276,REGISTER_MODEL,7.00,false
1765654276,REGISTER_MODEL,5.00,false
1765654276,REGISTER_MODEL,4.00,false
1765654276,REGISTER_MODEL,3.00,false
1765654276,REGISTER_MODEL,6.00,false
1765654276,REGISTER_MODEL,4.00,false
1765654276,STORE_FILE,5.00,false
1765654276,REGISTER_MODEL,2.00,false
1765654276,STORE_FILE,2.00,false
1765654276,REGISTER_MODEL,8.00,false
1765654276,STORE_FILE,4.00,false
1765654276,STORE_FILE,2.00,false
1765654276,REGISTER_MODEL,2.00,false
1765654276,REGISTER_MODEL,5.00,false
1765654276,REGISTER_MODEL,8.00,false
1765654276,STORE_FILE,6.00,false
1765654276,STORE_FILE,2.00,false
1765654276,REGISTER_MODEL,4.00,false
1765654276,STORE_FILE,2.00,false
1765654276,REGISTER_MODEL,7.00,false
1765654276,REGISTER_MODEL,2.00,false
1765654276,STORE_FILE,4.00,false
1765654276,REGISTER_MODEL,2.00,false
1765654276,STORE_FILE,7.00,false
1765654276,REGISTER_MODEL,2.00,false
1765654276,REGISTER_MODEL,4.00,false
1765654276,STORE_FILE,3.00,false
1765654276,REGISTER_MODEL,3.00,false
1765654276,STORE_FILE,2.00,false
1765654276,REGISTER_MODEL,4.00,false
1765654276,REGISTER_MODEL,2.00,false
1765654276,REGISTER_MODEL,7.00,false
1765654276,STORE_FILE,2.00,false
1765654276,STORE_FILE,8.00,false
1765654276,STORE_FILE,3.00,false
1765654276,REGISTER_MODEL,2.00,false
1765654276,STORE_FILE,2.00,false
1765654276,STORE_FILE,4.00,false
1765654276,STORE_FILE,8.00,false
1765654276,STORE_FILE,2.00,false
1765654276,REGISTER_MODEL,3.00,false
1765654276,REGISTER_MODEL,2.00,false
1765654276,STORE_FILE,8.00,false
1765654276,STORE_FILE,5.00,false
1765654276,REGISTER_MODEL,4.00,false
1765654276,STORE_FILE,3.00,false
1765654276,STORE_FILE,3.00,false
1765654276,REGISTER_MODEL,2.00,false
1765654276,REGISTER_MODEL,3.00,false
1765654276,STORE_FILE,3.00,false
1765654276,REGISTER_MODEL,5.00,false
1765654276,STORE_FILE,2.00,false
1765654276,REGISTER_MODEL,2.00,false
1765654276,REGISTER_MODEL,4.00,false
1765654276,REGISTER_MODEL,9.00,false
1765654276,STORE_FILE,6.00,false
1765654276,REGISTER_MODEL,6.00,false
1765654276,STORE_FILE,4.00,false
1765654276,STORE_FILE,5.00,false
1765654276,REGISTER_MODEL,4.00,false
1765654276,STORE_FILE,7.00,false
1765654276,REGISTER_MODEL,3.00,false
1765654276,REGISTER_MODEL,3.00,false
1765654276,REGISTER_MODEL,4.00,false
1765654276,REGISTER_MODEL,3.00,false
1765654276,STORE_FILE,5.00,false
1765654276,STORE_FILE,3.00,false
1765654276,STORE_FILE,5.00,false
1765654276,STORE_FILE,3.00,false
1765654276,REGISTER_MODEL,3.00,false
1765654276,REGISTER_MODEL,3.00,false
1765654276,REGISTER_MODEL,3.00,false
1765654276,REGISTER_MODEL,3.00,false
1765654276,STORE_FILE,4.00,false
1765654276,REGISTER_MODEL,3.00,false
1765654276,STORE_FILE,3.00,false
1765654276,STORE_FILE,4.00,false
1765654276,STORE_FILE,5.00,false
1765654276,STORE_FILE,3.00,false
1765654276,REGISTER_MODEL,4.00,false
1765654276,STORE_FILE,4.00,false
1765654276,STORE_FILE,3.00,false
1765654276,REGISTER_MODEL,3.00,false
1765654276,REGISTER_MODEL,3.00,false
1765654276,STORE_FILE,3.00,false
1765654276,STORE_FILE,6.00,false
1765654276,STORE_FILE,3.00,false
1765654276,STORE_FILE,3.00,false
1765654276,STORE_FILE,3.00,false
1765654276,STORE_FILE,3.00,false
1765654276,STORE_FILE,3.00,false
1765654276,STORE_FILE,5.00,false
1765654276,REGISTER_MODEL,3.00,false
1765654276,STORE_FILE,3.00,false
1765654276,STORE_FILE,4.00,false
1765654276,STORE_FILE,3.00,false
1765654276,REGISTER_MODEL,3.00,false
1765654276,STORE_FILE,4.00,false
1765654276,STORE_FILE,5.00,false
1765654276,REGISTER_MODEL,5.00,false
1765654276,REGISTER_MODEL,2.00,false
1765654276,STORE_FILE,3.00,false
1765654276,STORE_FILE,3.00,false
1765654276,STORE_FILE,3.00,false
1765654276,STORE_FILE,3.00,false
1765654276,REGISTER_MODEL,3.00,false
1765654276,REGISTER_MODEL,3.00,false
1765654276,STORE_FILE,5.00,false
1765654276,REGISTER_MODEL,3.00,false
1765654276,REGISTER_MODEL,5.00,false
1765654276,STORE_FILE,2.00,false
1765654276,STORE_FILE,2.00,false
1765654276,REGISTER_MODEL,3.00,false
1765654276,STORE_FILE,6.00,false
1765654276,STORE_FILE,3.00,false
1765654276,REGISTER_MODEL,3.00,false
1765654276,REGISTER_MODEL,3.00,false
1765654276,REGISTER_MODEL,3.00,false
1765654276,STORE_FILE,2.00,false
1765654276,REGISTER_MODEL,5.00,false
1765654276,REGISTER_MODEL,3.00,false
1765654276,STORE_FILE,2.00,false
1765654276,REGISTER_MODEL,3.00,false
1765654276,STORE_FILE,2.00,false
1765654276,REGISTER_MODEL,2.00,false
1765654276,STORE_FILE,2.00,false
1765654276,STORE_FILE,3.00,false
1765654276,STORE_FILE,3.00,false
1765654276,REGISTER_MODEL,2.00,false
1765654276,STORE_FILE,2.00,false
1765654276,STORE_FILE,2.00,false
1765654276,REGISTER_MODEL,3.00,false
1765654276,STORE_FILE,2.00,false
1765654276,REGISTER_MODEL,2.00,false
1765654276,REGISTER_MODEL,2.00,false
1765654276,REGISTER_MODEL,2.00,false
1765654276,REGISTER_MODEL,2.00,false
1765654276,REGISTER_MODEL,2.00,false
1765654276,STORE_FILE,2.00,false
1765654276,REGISTER_MODEL,2.00,false
1765654276,STORE_FILE,2.00,false
1765654276,REGISTER_MODEL,2.00,false
1765654276,REGISTER_MODEL,4.00,false
1765654276,STORE_FILE,2.00,false
1765654276,STORE_FILE,3.00,false
1765654276,REGISTER_MODEL,2.00,false
1765654276,REGISTER_MODEL,2.00,false
1765654276,REGISTER_MODEL,2.00,false
1765654276,REGISTER_MODEL,2.00,false
1765654276,REGISTER_MODEL,2.00,false
1765654276,REGISTER_MODEL,2.00,false
1765654276,STORE_FILE,2.00,false
1765654276,REGISTER_MODEL,2.00,false
1765654276,REGISTER_MODEL,2.00,false
1765654276,REGISTER_MODEL,2.00,false
1765654276,REGISTER_MODEL,2.00,false
1765654276,REGISTER_MODEL,2.00,false
1765654276,REGISTER_MODEL,2.00,false
1765654276,REGISTER_MODEL,2.00,false
1765654276,STORE_FILE,2.00,false
1765654276,REGISTER_MODEL,2.00,false
1765654276,REGISTER_MODEL,2.00,false
1765654276,STORE_FILE,2.00,false
1765654276,REGISTER_MODEL,2.00,false
1765654276,REGISTER_MODEL,2.00,false
1765654276,STORE_FILE,2.00,false
1765654276,REGISTER_MODEL,2.00,false
1765654276,STORE_FILE,2.00,false
1765654276,STORE_FILE,2.00,false
1765654276,REGISTER_MODEL,2.00,false
1765654276,REGISTER_MODEL,2.00,false
1765654276,REGISTER_MODEL,2.00,false
1765654276,REGISTER_MODEL,2.00,false
1765654276,REGISTER_MODEL,2.00,false
1765654276,REGISTER_MODEL,2.00,false
1765654276,STORE_FILE,2.00,false
1765654276,STORE_FILE,2.00,false
1765654276,STORE_FILE,2.00,false
1765654276,STORE_FILE,2.00,false
1765654276,STORE_FILE,2.00,false
1765654276,REGISTER_MODEL,2.00,false
1765654276,STORE_FILE,2.00,false
1765654276,REGISTER_MODEL,2.00,false
1765654276,STORE_FILE,2.00,false
1765654276,STORE_FILE,2.00,false
1765654276,STORE_FILE,2.00,false
1765654276,STORE_FILE,2.00,false
1765654276,STORE_FILE,2.00,false
1765654276,STORE_FILE,2.00,false
1765654276,REGISTER_MODEL,2.00,false
1765654276,STORE_FILE,2.00,false
1765654276,REGISTER_MODEL,2.00,false
1765654276,STORE_FILE,2.00,false
1765654276,STORE_FILE,2.00,false
1765654276,REGISTER_MODEL,2.00,false
1765654276,REGISTER_MODEL,2.00,false
1765654276,REGISTER_MODEL,2.00,false
1765654276,REGISTER_MODEL,2.00,false
1765654276,STORE_FILE,2.00,false
1765654276,REGISTER_MODEL,2.00,false
1765654276,REGISTER_MODEL,2.00,false
1765654276,STORE_FILE,2.00,false
1765654276,REGISTER_MODEL,2.00,false
1765654276,STORE_FILE,2.00,false
1765654276,REGISTER_MODEL,2.00,false
1765654276,STORE_FILE,2.00,false
1765654276,STORE_FILE,2.00,false
1765654276,STORE_FILE,2.00,false
1765654276,STORE_FILE,2.00,false
1765654276,REGISTER_MODEL,2.00,false
1765654276,REGISTER_MODEL,2.00,false
1765654276,REGISTER_MODEL,2.00,false
1765654276,REGISTER_MODEL,2.00,false
1765654276,REGISTER_MODEL,2.00,false
1765654276,REGISTER_MODEL,2.00,false
1765654276,REGISTER_MODEL,2.00,false
1765654276,STORE_FILE,2.00,false
1765654276,REGISTER_MODEL,2.00,false
1765654276,STORE_FILE,2.00,false
1765654276,STORE_FILE,2.00,false
1765654276,STORE_FILE,2.00,false
1765654276,STORE_FILE,2.00,false
1765654276,STORE_FILE,2.00,false
1765654276,REGISTER_MODEL,2.00,false
1765654276,STORE_FILE,2.00,false
1765654276,REGISTER_MODEL,2.00,false
1765654276,REGISTER_MODEL,2.00,false
1765654276,STORE_FILE,2.00,false
1765654276,STORE_FILE,2.00,false
1765654276,STORE_FILE,2.00,false
1765654276,REGISTER_MODEL,2.00,false
1765654276,STORE_FILE,2.00,false
1765654276,STORE_FILE,2.00,false
1765654276,REGISTER_MODEL,2.00,false
1765654276,REGISTER_MODEL,2.00,false
1765654276,REGISTER_MODEL,2.00,false
1765654276,STORE_FILE,2.00,false
1765654276,STORE_FILE,2.00,false
1765654276,STORE_FILE,2.00,false
1765654276,STORE_FILE,2.00,false
1765654276,STORE_FILE,2.00,false
1765654276,STORE_FILE,2.00,false
1765654276,STORE_FILE,2.00,false
1765654276,STORE_FILE,2.00,false
1765654276,STORE_FILE,2.00,false
1765654276,REGISTER_MODEL,2.00,false
1765654276,REGISTER_MODEL,2.00,false
1765654276,REGISTER_MODEL,2.00,false
1765654276,REGISTER_MODEL,2.00,false
1765654276,REGISTER_MODEL,2.00,false
1765654276,REGISTER_MODEL,2.00,false
1765654276,STORE_FILE,2.00,false
1765654276,STORE_FILE,2.00,false
1765654276,STORE_FILE,2.00,false
1765654276,REGISTER_MODEL,2.00,false
1765654276,REGISTER_MODEL,2.00,false
1765654276,STORE_FILE,2.00,false
1765654276,REGISTER_MODEL,2.00,false
1765654276,REGISTER_MODEL,2.00,false
1765654276,REGISTER_MODEL,2.00,false
1765654276,REGISTER_MODEL,2.00,false
1765654276,REGISTER_MODEL,2.00,false
1765654276,STORE_FILE,2.00,false
1765654276,STORE_FILE,2.00,false
1765654276,REGISTER_MODEL,2.00,false
1765654276,STORE_FILE,2.00,false
1765654276,REGISTER_MODEL,2.00,false
1765654276,STORE_FILE,2.00,false
1765654276,REGISTER_MODEL,2.00,false
1765654276,STORE_FILE,2.00,false
1765654276,REGISTER_MODEL,1.00,false
1765654276,REGISTER_MODEL,2.00,false
1765654276,REGISTER_MODEL,1.00,false
1765654276,STORE_FILE,1.00,false
1765654276,STORE_FILE,2.00,false
1765654276,REGISTER_MODEL,2.00,false
1765654276,STORE_FILE,2.00,false
1765654276,REGISTER_MODEL,2.00,false
1765654276,STORE_FILE,2.00,false
1765654276,STORE_FILE,2.00,false
1765654276,REGISTER_MODEL,2.00,false
1765654276,REGISTER_MODEL,2.00,false
1765654276,STORE_FILE,1.00,false
1765654276,STORE_FILE,2.00,false
1765654276,STORE_FILE,1.00,false
1765654276,REGISTER_MODEL,1.00,false
1765654276,STORE_FILE,1.00,false
1765654276,STORE_FILE,1.00,false
1765654276,STORE_FILE,1.00,false
1765654276,STORE_FILE,1.00,false
1765654276,REGISTER_MODEL,2.00,false
1765654276,REGISTER_MODEL,2.00,false
1765654276,REGISTER_MODEL,2.00,false
1765654276,REGISTER_MODEL,1.00,false
1765654276,REGISTER_MODEL,1.00,false
1765654276,STORE_FILE,1.00,false
1765654276,REGISTER_MODEL,1.00,false
1765654276,STORE_FILE,1.00,false
1765654276,STORE_FILE,1.00,false
1765654276,REGISTER_MODEL,1.00,false
1765654276,REGISTER_MODEL,1.00,false
1765654276,REGISTER_MODEL,1.00,false
1765654276,REGISTER_MODEL,1.00,false
1765654276,STORE_FILE,1.00,false
1765654276,REGISTER_MODEL,1.00,false
1765654276,REGISTER_MODEL,1.00,false
1765654276,REGISTER_MODEL,2.00,false
1765654276,STORE_FILE,1.00,false
1765654276,REGISTER_MODEL,1.00,false
1765654276,REGISTER_MODEL,2.00,false
1765654276,STORE_FILE,1.00,false
1765654276,STORE_FILE,1.00,false
1765654276,STORE_FILE,1.00,false
1765654276,STORE_FILE,1.00,false
1765654276,REGISTER_MODEL,1.00,false
1765654276,REGISTER_MODEL,1.00,false
1765654276,STORE_FILE,1.00,false
1765654276,STORE_FILE,1.00,false
1765654276,REGISTER_MODEL,1.00,false
1765654276,REGISTER_MODEL,1.00,false
1765654276,STORE_FILE,1.00,false
1765654276,STORE_FILE,1.00,false
1765654276,STORE_FILE,1.00,false
1765654276,REGISTER_MODEL,1.00,false
1765654276,STORE_FILE,1.00,false
1765654276,STORE_FILE,1.00,false
1765654276,STORE_FILE,1.00,false
1765654276,REGISTER_MODEL,1.00,false
1765654276,REGISTER_MODEL,1.00,false
1765654276,REGISTER_MODEL,1.00,false
1765654276,STORE_FILE,1.00,false
1765654276,REGISTER_MODEL,1.00,false
1765654276,STORE_FILE,1.00,false
1765654276,REGISTER_MODEL,1.00,false
1765654276,STORE_FILE,1.00,false
1765654276,STORE_FILE,1.00,false
1765654276,REGISTER_MODEL,1.00,false
1765654276,REGISTER_MODEL,1.00,false
1765654276,REGISTER_MODEL,1.00,false
1765654276,STORE_FILE,1.00,false
1765654276,REGISTER_MODEL,1.00,false
1765654276,REGISTER_MODEL,1.00,false
1765654276,REGISTER_MODEL,1.00,false
1765654276,STORE_FILE,2.00,false
1765654276,REGISTER_MODEL,1.00,false
1765654276,REGISTER_MODEL,1.00,false
1765654276,REGISTER_MODEL,1.00,false
1765654276,REGISTER_MODEL,1.00,false
1765654276,REGISTER_MODEL,1.00,false
1765654276,STORE_FILE,1.00,false
1765654276,REGISTER_MODEL,1.00,false
1765654276,REGISTER_MODEL,1.00,false
1765654276,STORE_FILE,1.00,false
1765654276,STORE_FILE,1.00,false
1765654276,REGISTER_MODEL,1.00,false
1765654276,REGISTER_MODEL,1.00,false
1765654276,REGISTER_MODEL,1.00,false
1765654276,REGISTER_MODEL,1.00,false
1765654276,STORE_FILE,1.00,false
1765654276,STORE_FILE,2.00,false
1765654276,REGISTER_MODEL,1.00,false
1765654276,STORE_FILE,1.00,false
1765654276,REGISTER_MODEL,1.00,false
1765654276,STORE_FILE,1.00,false
1765654276,REGISTER_MODEL,1.00,false
1765654276,STORE_FILE,1.00,false
1765654276,STORE_FILE,1.00,false
1765654276,REGISTER_MODEL,1.00,false
1765654276,REGISTER_MODEL,1.00,false
1765654276,REGISTER_MODEL,1.00,false
1765654276,REGISTER_MODEL,2.00,false
1765654276,REGISTER_MODEL,1.00,false
1765654276,STORE_FILE,1.00,false
1765654276,STORE_FILE,1.00,false
1765654276,STORE_FILE,1.00,false
1765654276,REGISTER_MODEL,1.00,false
1765654276,STORE_FILE,1.00,false
1765654276,REGISTER_MODEL,1.00,false
1765654276,REGISTER_MODEL,2.00,false
1765654276,STORE_FILE,1.00,false
1765654276,STORE_FILE,2.00,false
1765654276,STORE_FILE,2.00,false
1765654276,STORE_FILE,1.00,false
1765654276,STORE_FILE,2.00,false
1765654276,STORE_FILE,1.00,false
1765654276,STORE_FILE,2.00,false
1765654276,STORE_FILE,2.00,false
1765654276,STORE_FILE,1.00,false
1765654276,STORE_FILE,1.00,false
1765654276,REGISTER_MODEL,1.00,false
1765654276,REGISTER_MODEL,1.00,false
1765654276,STORE_FILE,1.00,false
1765654276,STORE_FILE,1.00,false
1765654276,REGISTER_MODEL,2.00,false
1765654276,STORE_FILE,2.00,false
1765654276,REGISTER_MODEL,1.00,false
1765654276,STORE_FILE,1.00,false
1765654276,REGISTER_MODEL,0.00,false
1765654276,REGISTER_MODEL,1.00,false
1765654276,REGISTER_MODEL,1.00,false
1765654276,REGISTER_MODEL,1.00,false
1765654276,STORE_FILE,1.00,false
1765654276,STORE_FILE,1.00,false
1765654276,STORE_FILE,1.00,false
1765654276,STORE_FILE,1.00,false
1765654276,REGISTER_MODEL,2.00,false
1765654276,STORE_FILE,1.00,false
1765654276,REGISTER_MODEL,1.00,false
1765654276,REGISTER_MODEL,0.00,false
1765654276,REGISTER_MODEL,0.00,false
1765654276,REGISTER_MODEL,0.00,false
1765654276,REGISTER_MODEL,0.00,false
1765654276,STORE_FILE,1.00,false
1765654276,REGISTER_MODEL,0.00,false
1765654276,STORE_FILE,1.00,false
1765654276,REGISTER_MODEL,1.00,false
1765654276,STORE_FILE,1.00,false
1765654276,STORE_FILE,1.00,false
1765654276,STORE_FILE,0.00,false
1765654276,STORE_FILE,0.00,false
1765654276,REGISTER_MODEL,0.00,false
1765654276,REGISTER_MODEL,0.00,false
1765654276,STORE_FILE,1.00,false
1765654276,STORE_FILE,0.00,false
1765654276,STORE_FILE,0.00,false
1765654276,STORE_FILE,0.00,false
1765654276,REGISTER_MODEL,0.00,false
1765654276,REGISTER_MODEL,0.00,false
1765654276,REGISTER_MODEL,1.00,false
1765654276,STORE_FILE,0.00,false
1765654276,REGISTER_MODEL,0.00,false
1765654276,STORE_FILE,0.00,false
1765654276,STORE_FILE,0.00,false
1765654276,REGISTER_MODEL,1.00,false
1765654276,STORE_FILE,1.00,false
1765654276,REGISTER_MODEL,1.00,false
1765654276,STORE_FILE,1.00,false
1765654276,REGISTER_MODEL,0.00,false
1765654276,STORE_FILE,1.00,false
1765654276,STORE_FILE,2.00,false
1765654276,STORE_FILE,1.00,false
1765654276,STORE_FILE,1.00,false
1765654276,REGISTER_MODEL,1.00,false
1765654276,REGISTER_MODEL,1.00,false
1765654276,REGISTER_MODEL,0.00,false
1765654276,REGISTER_MODEL,0.00,false
1765654276,REGISTER_MODEL,1.00,false
1765654276,REGISTER_MODEL,1.00,false
1765654276,REGISTER_MODEL,0.00,false
1765654276,REGISTER_MODEL,2.00,false
1765654276,STORE_FILE,1.00,false
1765654276,REGISTER_MODEL,0.00,false
1765654276,STORE_FILE,0.00,false
1765654276,STORE_FILE,0.00,false
1765654276,STORE_FILE,3.00,false
1765654276,STORE_FILE,0.00,false
1765654276,STORE_FILE,1.00,false
1765654276,STORE_FILE,0.00,false
1765654276,STORE_FILE,0.00,false
1765654276,REGISTER_MODEL,0.00,false
1765654276,STORE_FILE,0.00,false
1765654276,STORE_FILE,0.00,false
1765654276,REGISTER_MODEL,1.00,false
1765654276,STORE_FILE,2.00,false
1765654276,STORE_FILE,0.00,false
1765654276,STORE_FILE,1.00,false
1765654276,STORE_FILE,1.00,false
1765654276,REGISTER_MODEL,3.00,false
1765654276,REGISTER_MODEL,1.00,false
1765654276,REGISTER_MODEL,0.00,false
1765654276,STORE_FILE,0.00,false
1765654276,STORE_FILE,0.00,false
1765654276,STORE_FILE,0.00,false
1765654276,REGISTER_MODEL,1.00,false
1765654276,STORE_FILE,1.00,false
1765654276,STORE_FILE,0.00,false
1765654276,STORE_FILE,1.00,false
1765654276,STORE_FILE,0.00,false
1765654276,REGISTER_MODEL,1.00,false
1765654276,REGISTER_MODEL,0.00,false
1765654276,REGISTER_MODEL,1.00,false
1765654276,REGISTER_MODEL,0.00,false
1765654276,STORE_FILE,0.00,false
1765654276,REGISTER_MODEL,0.00,false
1765654276,STORE_FILE,4.00,false
1765654276,STORE_FILE,1.00,false
1765654276,REGISTER_MODEL,1.00,false
1765654276,REGISTER_MODEL,1.00,false
1765654276,REGISTER_MODEL,0.00,false
1765654276,STORE_FILE,0.00,false
1765654276,STORE_FILE,0.00,false
1765654276,REGISTER_MODEL,1.00,false
1765654276,STORE_FILE,0.00,false
1765654276,REGISTER_MODEL,1.00,false
1765654276,REGISTER_MODEL,1.00,false
1765654276,STORE_FILE,0.00,false
1765654276,STORE_FILE,0.00,false
1765654276,STORE_FILE,0.00,false
1765654276,REGISTER_MODEL,1.00,false
1765654276,STORE_FILE,1.00,false
1765654276,REGISTER_MODEL,1.00,false
1765654276,REGISTER_MODEL,0.00,false
1765654276,STORE_FILE,1.00,false
1765654276,REGISTER_MODEL,0.00,false
1765654276,REGISTER_MODEL,0.00,false
1765654276,STORE_FILE,1.00,false
1765654276,STORE_FILE,0.00,false
1765654276,STORE_FILE,0.00,false
1765654276,REGISTER_MODEL,2.00,false
1765654276,STORE_FILE,1.00,false
1765654276,REGISTER_MODEL,2.00,false
1765654276,REGISTER_MODEL,1.00,false
1765654276,STORE_FILE,1.00,false
1765654276,STORE_FILE,0.00,false
1765654276,REGISTER_MODEL,0.00,false
1765654276,REGISTER_MODEL,1.00,false
1765654276,STORE_FILE,0.00,false
1765654276,STORE_FILE,1.00,false
1765654276,STORE_FILE,2.00,false
1765654276,STORE_FILE,0.00,false
1765654276,REGISTER_MODEL,1.00,false
1765654276,STORE_FILE,0.00,false
1765654276,REGISTER_MODEL,0.00,false
1765654276,REGISTER_MODEL,2.00,false
1765654276,REGISTER_MODEL,0.00,false
1765654276,STORE_FILE,4.00,false
1765654276,STORE_FILE,0.00,false
1765654276,REGISTER_MODEL,0.00,false
1765654276,STORE_FILE,1.00,false
1765654276,REGISTER_MODEL,0.00,false
1765654276,STORE_FILE,1.00,false
1765654276,STORE_FILE,0.00,false
1765654276,REGISTER_MODEL,2.00,false
1765654276,STORE_FILE,1.00,false
1765654276,REGISTER_MODEL,1.00,false
1765654276,REGISTER_MODEL,1.00,false
1765654276,STORE_FILE,0.00,false
1765654276,STORE_FILE,0.00,false
1765654276,STORE_FILE,1.00,false
1765654276,REGISTER_MODEL,0.00,false
1765654276,STORE_FILE,0.00,false
1765654276,REGISTER_MODEL,1.00,false
1765654276,REGISTER_MODEL,0.00,false
1765654276,REGISTER_MODEL,1.00,false
1765654276,STORE_FILE,1.00,false
1765654276,STORE_FILE,1.00,false
1765654276,REGISTER_MODEL,6.00,false
1765654276,REGISTER_MODEL,1.00,false
1765654276,STORE_FILE,0.00,false
1765654276,REGISTER_MODEL,1.00,false
1765654276,REGISTER_MODEL,3.00,false
1765654276,STORE_FILE,2.00,false
1765654276,STORE_FILE,1.00,false
1765654276,STORE_FILE,0.00,false
1765654276,STORE_FILE,0.00,false
1765654276,REGISTER_MODEL,1.00,false
1765654276,STORE_FILE,1.00,false
1765654276,REGISTER_MODEL,0.00,false
1765654276,REGISTER_MODEL,1.00,false
1765654276,REGISTER_MODEL,2.00,false
1765654276,STORE_FILE,0.00,false
1765654276,REGISTER_MODEL,1.00,false
1765654276,REGISTER_MODEL,1.00,false
1765654276,STORE_FILE,0.00,false
1765654276,STORE_FILE,2.00,false
1765654276,REGISTER_MODEL,3.00,false
1765654276,STORE_FILE,0.00,false
1765654276,REGISTER_MODEL,2.00,false
1765654276,STORE_FILE,1.00,false
1765654276,STORE_FILE,1.00,false
1765654276,STORE_FILE,1.00,false
1765654276,REGISTER_MODEL,2.00,false
1765654276,REGISTER_MODEL,0.00,false
1765654276,REGISTER_MODEL,1.00,false
1765654276,REGISTER_MODEL,2.00,false
1765654276,STORE_FILE,6.00,false
1765654276,STORE_FILE,0.00,false
1765654276,REGISTER_MODEL,1.00,false
1765654276,STORE_FILE,0.00,false
1765654276,STORE_FILE,0.00,false
1765654276,REGISTER_MODEL,4.00,false
1765654276,STORE_FILE,1.00,false
1765654276,STORE_FILE,1.00,false
1765654276,STORE_FILE,1.00,false
1765654276,STORE_FILE,1.00,false
1765654276,REGISTER_MODEL,0.00,false
1765654276,STORE_FILE,2.00,false
1765654276,REGISTER_MODEL,0.00,false
1765654276,REGISTER_MODEL,2.00,false
1765654276,STORE_FILE,0.00,false
1765654276,REGISTER_MODEL,2.00,false
1765654276,REGISTER_MODEL,1.00,false
1765654276,REGISTER_MODEL,0.00,false
1765654276,REGISTER_MODEL,1.00,false
1765654276,STORE_FILE,0.00,false
1765654276,STORE_FILE,0.00,false
1765654276,STORE_FILE,0.00,false
1765654276,STORE_FILE,1.00,false
1765654276,STORE_FILE,0.00,false
1765654276,REGISTER_MODEL,1.00,false
1765654276,STORE_FILE,0.00,false
1765654276,STORE_FILE,3.00,false
1765654276,REGISTER_MODEL,2.00,false
1765654276,REGISTER_MODEL,1.00,false
1765654276,REGISTER_MODEL,2.00,false
1765654276,REGISTER_MODEL,2.00,false
1765654276,STORE_FILE,0.00,false
1765654276,REGISTER_MODEL,1.00,false
1765654276,STORE_FILE,0.00,false
1765654276,STORE_FILE,1.00,false
1765654276,STORE_FILE,2.00,false
1765654276,STORE_FILE,1.00,false
1765654276,STORE_FILE,1.00,false
1765654276,REGISTER_MODEL,0.00,false
1765654276,REGISTER_MODEL,1.00,false
1765654276,REGISTER_MODEL,0.00,false
1765654276,STORE_FILE,0.00,false
1765654276,REGISTER_MODEL,2.00,false
1765654276,STORE_FILE,1.00,false
1765654276,STORE_FILE,0.00,false
1765654276,REGISTER_MODEL,3.00,false
1765654276,STORE_FILE,2.00,false
1765654276,STORE_FILE,1.00,false
1765654276,REGISTER_MODEL,1.00,false
1765654276,REGISTER_MODEL,1.00,false
1765654276,STORE_FILE,2.00,false
1765654276,REGISTER_MODEL,1.00,false
1765654276,REGISTER_MODEL,2.00,false
1765654276,STORE_FILE,1.00,false
1765654276,REGISTER_MODEL,1.00,false
1765654276,REGISTER_MODEL,0.00,false
1765654276,REGISTER_MODEL,2.00,false
1765654276,REGISTER_MODEL,0.00,false
1765654276,REGISTER_MODEL,1.00,false
1765654276,STORE_FILE,1.00,false
1765654276,REGISTER_MODEL,0.00,false
1765654276,STORE_FILE,2.00,false
1765654276,STORE_FILE,2.00,false
1765654276,STORE_FILE,0.00,false
1765654276,STORE_FILE,0.00,false
1765654276,STORE_FILE,1.00,false
1765654276,STORE_FILE,0.00,false
1765654276,REGISTER_MODEL,1.00,false
1765654276,REGISTER_MODEL,0.00,false
1765654276,STORE_FILE,2.00,false
1765654276,STORE_FILE,0.00,false
1765654276,STORE_FILE,0.00,false
1765654276,STORE_FILE,1.00,false
1765654276,REGISTER_MODEL,1.00,false
1765654276,STORE_FILE,1.00,false
1765654276,STORE_FILE,0.00,false
1765654276,REGISTER_MODEL,0.00,false
1765654276,REGISTER_MODEL,0.00,false
1765654276,REGISTER_MODEL,2.00,false
1765654276,STORE_FILE,0.00,false
1765654276,STORE_FILE,1.00,false
1765654276,STORE_FILE,1.00,false
1765654276,REGISTER_MODEL,0.00,false
1765654276,REGISTER_MODEL,0.00,false
1765654276,STORE_FILE,0.00,false
1765654276,REGISTER_MODEL,0.00,false
1765654276,STORE_FILE,0.00,false
1765654276,REGISTER_MODEL,2.00,false
1765654276,REGISTER_MODEL,1.00,false
1765654276,REGISTER_MODEL,2.00,false
1765654276,STORE_FILE,0.00,false
1765654276,STORE_FILE,1.00,false
1765654276,STORE_FILE,0.00,false
1765654276,REGISTER_MODEL,1.00,false
1765654276,REGISTER_MODEL,2.00,false
1765654276,REGISTER_MODEL,1.00,false
1765654276,REGISTER_MODEL,1.00,false
1765654276,STORE_FILE,2.00,false
1765654276,REGISTER_MODEL,1.00,false
1765654276,REGISTER_MODEL,0.00,false
1765654276,STORE_FILE,0.00,false
1765654276,REGISTER_MODEL,0.00,false
1765654276,REGISTER_MODEL,0.00,false
1765654276,REGISTER_MODEL,1.00,false
1765654276,REGISTER_MODEL,3.00,false
1765654276,STORE_FILE,2.00,false
1765654276,STORE_FILE,0.00,false
1765654276,REGISTER_MODEL,0.00,false
1765654276,REGISTER_MODEL,2.00,false
1765654276,REGISTER_MODEL,0.00,false
1765654276,STORE_FILE,1.00,false
1765654276,REGISTER_MODEL,0.00,false
1765654276,STORE_FILE,1.00,false
1765654276,REGISTER_MODEL,2.00,false
1765654276,STORE_FILE,1.00,false
1765654276,REGISTER_MODEL,1.00,false
1765654276,REGISTER_MODEL,0.00,false
1765654276,REGISTER_MODEL,1.00,false
1765654276,STORE_FILE,1.00,false
1765654276,REGISTER_MODEL,1.00,false
1765654276,STORE_FILE,2.00,false
1765654276,STORE_FILE,0.00,false
1765654276,STORE_FILE,3.00,false
1765654276,STORE_FILE,1.00,false
1765654276,REGISTER_MODEL,0.00,false
1765654276,STORE_FILE,0.00,false
1765654276,STORE_FILE,1.00,false
1765654276,STORE_FILE,3.00,false
1765654276,REGISTER_MODEL,2.00,false
1765654276,REGISTER_MODEL,1.00,false
1765654276,REGISTER_MODEL,0.00,false
1765654276,REGISTER_MODEL,1.00,false
1765654276,REGISTER_MODEL,0.00,false
1765654276,REGISTER_MODEL,1.00,false
1765654276,STORE_FILE,1.00,false
1765654276,STORE_FILE,1.00,false
1765654276,STORE_FILE,1.00,false
1765654276,REGISTER_MODEL,2.00,false
1765654276,REGISTER_MODEL,2.00,false
1765654276,STORE_FILE,0.00,false
1765654276,STORE_FILE,2.00,false
1765654276,STORE_FILE,0.00,false
1765654276,REGISTER_MODEL,0.00,false
1765654276,STORE_FILE,0.00,false
1765654276,REGISTER_MODEL,1.00,false
1765654276,STORE_FILE,0.00,false
1765654276,STORE_FILE,0.00,false
1765654276,STORE_FILE,1.00,false
1765654276,REGISTER_MODEL,1.00,false
1765654276,STORE_FILE,1.00,false
1765654276,STORE_FILE,0.00,false
1765654276,REGISTER_MODEL,2.00,false
1765654276,REGISTER_MODEL,2.00,false
1765654276,STORE_FILE,0.00,false
1765654276,REGISTER_MODEL,0.00,false
1765654276,STORE_FILE,0.00,false
1765654276,REGISTER_MODEL,0.00,false
1765654276,STORE_FILE,1.00,false
1765654276,REGISTER_MODEL,0.00,false
1765654276,REGISTER_MODEL,1.00,false
1765654276,REGISTER_MODEL,1.00,false
1765654276,STORE_FILE,1.00,false
1765654276,REGISTER_MODEL,0.00,false
1765654276,REGISTER_MODEL,2.00,false
1765654276,REGISTER_MODEL,1.00,false
1765654276,STORE_FILE,0.00,false
1765654276,REGISTER_MODEL,1.00,false
1765654276,REGISTER_MODEL,3.00,false
1765654276,STORE_FILE,3.00,false
1765654276,REGISTER_MODEL,1.00,false
1765654276,REGISTER_MODEL,0.00,false
1765654276,STORE_FILE,0.00,false
1765654276,STORE_FILE,0.00,false
1765654276,STORE_FILE,1.00,false
1765654276,REGISTER_MODEL,2.00,false
1765654276,REGISTER_MODEL,1.00,false
1765654276,STORE_FILE,2.00,false
1765654276,REGISTER_MODEL,1.00,false
1765654276,STORE_FILE,2.00,false
1765654276,STORE_FILE,2.00,false
1765654276,STORE_FILE,0.00,false
1765654276,STORE_FILE,1.00,false
1765654276,STORE_FILE,0.00,false
1765654276,STORE_FILE,1.00,false
1765654276,REGISTER_MODEL,0.00,false
1765654276,STORE_FILE,1.00,false
1765654276,STORE_FILE,1.00,false
1765654276,REGISTER_MODEL,0.00,false
1765654276,REGISTER_MODEL,1.00,false
1765654276,STORE_FILE,0.00,false
1765654276,STORE_FILE,1.00,false
1765654276,STORE_FILE,0.00,false
1765654276,STORE_FILE,0.00,false
1765654276,STORE_FILE,0.00,false
1765654276,STORE_FILE,0.00,false
1765654276,REGISTER_MODEL,1.00,false
1765654276,STORE_FILE,0.00,false
1765654276,STORE_FILE,2.00,false
1765654276,REGISTER_MODEL,2.00,false
1765654276,STORE_FILE,2.00,false
1765654276,REGISTER_MODEL,0.00,false
1765654276,STORE_FILE,0.00,false
1765654276,REGISTER_MODEL,1.00,false
1765654276,REGISTER_MODEL,1.00,false
1765654276,STORE_FILE,0.00,false
1765654276,REGISTER_MODEL,0.00,false
1765654276,STORE_FILE,1.00,false
1765654276,REGISTER_MODEL,1.00,false
1765654276,REGISTER_MODEL,1.00,false
1765654276,REGISTER_MODEL,0.00,false
1765654276,REGISTER_MODEL,1.00,false
1765654276,REGISTER_MODEL,0.00,false
1765654276,STORE_FILE,0.00,false
1765654276,STORE_FILE,1.00,false
1765654276,STORE_FILE,2.00,false
1765654276,STORE_FILE,0.00,false
1765654276,REGISTER_MODEL,2.00,false
1765654276,REGISTER_MODEL,0.00,false
1765654276,STORE_FILE,0.00,false
1765654276,REGISTER_MODEL,0.00,false
1765654276,REGISTER_MODEL,1.00,false
1765654276,STORE_FILE,0.00,false
1765654276,STORE_FILE,0.00,false
1765654276,STORE_FILE,0.00,false
1765654276,STORE_FILE,1.00,false
1765654276,STORE_FILE,1.00,false
1765654276,STORE_FILE,0.00,false
1765654276,STORE_FILE,1.00,false
1765654276,STORE_FILE,0.00,false
1765654276,REGISTER_MODEL,1.00,false
1765654276,REGISTER_MODEL,3.00,false
1765654276,STORE_FILE,0.00,false
1765654276,STORE_FILE,0.00,false
1765654276,STORE_FILE,0.00,false
1765654276,STORE_FILE,0.00,false
1765654276,STORE_FILE,2.00,false
1765654276,STORE_FILE,0.00,false
1765654276,REGISTER_MODEL,0.00,false
1765654276,STORE_FILE,1.00,false
1765654276,REGISTER_MODEL,0.00,false
1765654276,STORE_FILE,0.00,false
1765654276,STORE_FILE,0.00,false
1765654276,STORE_FILE,1.00,false
1765654276,REGISTER_MODEL,0.00,false
1765654276,REGISTER_MODEL,1.00,false
1765654276,REGISTER_MODEL,0.00,false
1765654276,REGISTER_MODEL,0.00,false
1765654276,REGISTER_MODEL,0.00,false
1765654276,STORE_FILE,3.00,false
1765654276,REGISTER_MODEL,0.00,false
1765654276,REGISTER_MODEL,0.00,false
1765654276,STORE_FILE,2.00,false
1765654276,REGISTER_MODEL,1.00,false
1765654276,STORE_FILE,1.00,false
1765654276,STORE_FILE,0.00,false
1765654276,STORE_FILE,2.00,false
1765654276,STORE_FILE,0.00,false
1765654276,STORE_FILE,1.00,false
1765654276,REGISTER_MODEL,0.00,false
1765654276,STORE_FILE,1.00,false
1765654276,STORE_FILE,0.00,false
1765654276,REGISTER_MODEL,0.00,false
1765654276,STORE_FILE,0.00,false
1765654276,STORE_FILE,1.00,false
1765654276,REGISTER_MODEL,0.00,false
1765654276,REGISTER_MODEL,0.00,false
1765654276,STORE_FILE,0.00,false
1765654276,STORE_FILE,0.00,false
1765654276,STORE_FILE,0.00,false
1765654276,STORE_FILE,0.00,false
1765654276,STORE_FILE,0.00,false
1765654276,STORE_FILE,2.00,false
1765654276,REGISTER_MODEL,0.00,false
1765654276,REGISTER_MODEL,0.00,false
1765654276,STORE_FILE,1.00,false
1765654276,REGISTER_MODEL,1.00,false
1765654276,REGISTER_MODEL,1.00,false
1765654276,STORE_FILE,1.00,false
1765654276,REGISTER_MODEL,2.00,false
1765654276,STORE_FILE,0.00,false
1765654276,STORE_FILE,1.00,false
1765654276,REGISTER_MODEL,0.00,false
1765654276,STORE_FILE,0.00,false
1765654276,REGISTER_MODEL,0.00,false
1765654276,REGISTER_MODEL,0.00,false
1765654276,REGISTER_MODEL,0.00,false
1765654276,REGISTER_MODEL,0.00,false
1765654276,REGISTER_MODEL,0.00,false
1765654276,REGISTER_MODEL,0.00,false
1765654276,REGISTER_MODEL,0.00,false
1765654276,STORE_FILE,0.00,false
1765654276,REGISTER_MODEL,1.00,false
1765654276,REGISTER_MODEL,0.00,false
1765654276,STORE_FILE,0.00,false
1765654276,REGISTER_MODEL,0.00,false
1765654276,REGISTER_MODEL,0.00,false
1765654276,STORE_FILE,0.00,false
1765654276,REGISTER_MODEL,0.00,false
1765654276,REGISTER_MODEL,0.00,false
1765654276,REGISTER_MODEL,0.00,false
1765654276,REGISTER_MODEL,0.00,false
1765654276,STORE_FILE,0.00,false
1765654276,STORE_FILE,0.00,false
1765654276,REGISTER_MODEL,0.00,false
1765654276,REGISTER_MODEL,0.00,false
1765654276,REGISTER_MODEL,0.00,false
1765654276,REGISTER_MODEL,0.00,false
1765654276,STORE_FILE,0.00,false
1765654276,REGISTER_MODEL,0.00,false
1765654276,STORE_FILE,0.00,false
1765654276,STORE_FILE,1.00,false
1765654276,REGISTER_MODEL,0.00,false
1765654276,STORE_FILE,0.00,false
1765654276,REGISTER_MODEL,0.00,false
1765654276,STORE_FILE,0.00,false
1765654276,REGISTER_MODEL,0.00,false
1765654276,REGISTER_MODEL,1.00,false
1765654276,REGISTER_MODEL,0.00,false
1765654276,STORE_FILE,0.00,false
1765654276,REGISTER_MODEL,1.00,false
1765654276,REGISTER_MODEL,0.00,false
1765654276,REGISTER_MODEL,0.00,false
1765654276,REGISTER_MODEL,0.00,false
1765654276,REGISTER_MODEL,0.00,false
1765654276,STORE_FILE,0.00,false
1765654276,REGISTER_MODEL,0.00,false
1765654276,STORE_FILE,1.00,false
1765654276,REGISTER_MODEL,0.00,false
1765654276,REGISTER_MODEL,0.00,false
1765654276,STORE_FILE,1.00,false
1765654276,REGISTER_MODEL,0.00,false
1765654276,STORE_FILE,0.00,false
1765654276,STORE_FILE,0.00,false
1765654276,STORE_FILE,0.00,false
1765654276,STORE_FILE,0.00,false
1765654276,STORE_FILE,0.00,false
1765654276,STORE_FILE,0.00,false
1765654276,REGISTER_MODEL,0.00,false
1765654276,STORE_FILE,0.00,false
1765654276,REGISTER_MODEL,0.00,false
1765654276,REGISTER_MODEL,0.00,false
1765654276,REGISTER_MODEL,0.00,false
1765654276,STORE_FILE,0.00,false
1765654276,REGISTER_MODEL,0.00,false
1765654276,STORE_FILE,0.00,false
1765654276,STORE_FILE,0.00,false
